{
  "subway": [
    {
      "line": "1호선",
      "direction": "인천 → 소요산",
      "stations": [
        "인천","동인천","도원","제물포","도화","주안","간석","동암","백운","부평","부개","송내","중동","부천","소사","역곡","온수","오류동","개봉","구일","구로","신도림","영등포","신길","대방","노량진","용산","남영","서울역","시청","종각","종로3가","종로5가","동대문","신설동","제기동","청량리","회기","외대앞","신이문","석계","월계","녹천","창동","방학","도봉","도봉산","망월사","회룡","의정부","가능","녹양","양주","덕계","덕정","지행","동두천중앙","보산","동두천","소요산"
      ]
    },
    {
      "line": "2호선",
      "direction": "시청 → 시청 (순환)",
      "stations": [
        "시청","을지로입구","을지로3가","을지로4가","동대문역사문화공원","신당","상왕십리","왕십리","한양대","뚝섬","성수","건대입구","구의","강변","잠실나루","잠실","잠실새내","종합운동장","삼성","선릉","역삼","강남","교대","서초","방배","사당","낙성대","서울대입구","봉천","신림","신대방","구로디지털단지","대림","신도림","문래","영등포구청","당산","합정","홍대입구","신촌","이대","아현","충정로"
      ],
      "branches": {
        "성수지선": ["성수","용답","신답","용두","신설동"],
        "신도림지선": ["신도림","도림천","양천구청","신정네거리","까치산"]
      }
    },
    {
      "line": "3호선",
      "direction": "수서 → 대화",
      "stations": [
        "수서","일원","대청","학여울","대치","도곡","매봉","양재","남부터미널","교대","고속터미널","잠원","압구정","신사","옥수","금호","약수","동대입구","충무로","을지로3가","종로3가","안국","경복궁","독립문","무악재","홍제","녹번","불광","연신내","구파발","지축","삼송","원흥","원당","화정","대곡","백석","마두","정발산","주엽","대화"
      ]
    },
    {
      "line": "4호선",
      "direction": "오이도 → 진접",
      "stations": [
        "오이도","정왕","중앙","고잔","초지","안산","신길온천","상록수","반월","대야미","금정","범계","평촌","인덕원","정부과천청사","과천","남태령","사당","총신대입구(이수)","동작","이촌","신용산","삼각지","숙대입구","서울역","회현","명동","충무로","동대문역사문화공원","동대문","혜화","한성대입구","성신여대입구","길음","미아사거리","미아","수유","쌍문","창동","노원","상계","당고개","별내별가람","오남","진접"
      ]
    },
    {
      "line": "5호선",
      "main": ["방화","개화산","김포공항","송정","마곡","발산","우장산","화곡","까치산","신정","목동","오목교","양평","영등포시장","영등포구청","당산","여의도","여의나루","마포","공덕","애오개","충정로","서대문","광화문","종로3가","을지로4가","동대문역사문화공원","청구","신금호","행당","왕십리","마장","답십리","장한평","군자","아차산","광나루","천호","강동"],
      "branches": {
        "상일동지선": ["강동","길동","굽은다리","명일","고덕","상일동"],
        "마천지선": ["강동","둔촌동","올림픽공원","방이","오금","개롱","거여","마천"]
      }
    },
    {
      "line": "6호선",
      "direction": "응암 → 봉화산",
      "stations": [
        "응암","새절","증산","디지털미디어시티","월드컵경기장","마포구청","망원","합정","상수","대흥","공덕","효창공원앞","삼각지","녹사평","이태원","한강진","버티고개","약수","청구","신당","동묘앞","창신","보문","안암","고려대","월곡","상월곡","돌곶이","석계","태릉입구","화랑대","봉화산"
      ]
    },
    {
      "line": "7호선",
      "direction": "부평구청 → 장암",
      "stations": [
        "부평구청","갈산","굴포천","삼산체육관","상동","부천시청","신중동","춘의","부천종합운동장","까치울","온수","천왕","광명사거리","철산","가산디지털단지","남구로","가리봉시장","대림","신풍","보라매","신대방삼거리","장승배기","상도","숭실대입구","남성","이수","내방","고속터미널","반포","논현","학동","강남구청","청담","뚝섬유원지","건대입구","어린이대공원","군자","중곡","용마산","사가정","면목","상봉","중화","먹골","태릉입구","공릉","하계","중계","노원","마들","수락산","도봉산","장암"
      ]
    },
    {
      "line": "8호선",
      "direction": "암사 → 모란",
      "stations": [
        "암사","천호","강동구청","몽촌토성","잠실","석촌","송파","가락시장","문정","장지","복정","산성","남한산성입구","단대오거리","신흥","수진","모란"
      ]
    },
    {
      "line": "9호선",
      "direction": "개화 → 중앙보훈병원",
      "stations": [
        "개화","김포공항","공항시장","신방화","마곡나루","양천향교","가양","증미","등촌","염창","신목동","선유도","당산","국회의사당","여의도","샛강","노량진","흑석","동작","구반포","신반포","고속터미널","사평","신논현","언주","선정릉","봉은사","종합운동장","삼전","석촌고분","석촌","송파나루","한성백제","올림픽공원","둔촌오륜","중앙보훈병원"
      ]
    },
    {
      "line": "인천1호선",
      "stations": [
        "계양","귤현","임학","인천시청","예술회관","인천터미널","문학경기장","선학","신연수","원인재","동춘","동막","캠퍼스타운","테크노파크","지식정보단지","인천대입구","국제업무지구","센트럴파크","송도달빛축제공원"
      ]
    },
    {
      "line": "공항철도",
      "stations": [
        "서울역","공덕","홍대입구","디지털미디어시티","김포공항","계양","검암","청라국제도시","영종","운서","공항화물청사","인천공항1터미널","인천공항2터미널"
      ]
    },
    {
      "line": "경의중앙선",
      "direction": "임진강 → 지평",
      "stations": [
        "임진강","문산","파주","월롱","금촌","야당","운정","일산","풍산","백마","곡산","대곡","능곡","행신","강매","화전","수색","디지털미디어시티","가좌","신촌(경의중앙)","서강대","공덕","효창공원앞","용산","이촌","서빙고","한남","옥수","응봉","왕십리","청량리","회기","중랑","상봉","망우","양원","구리","도농","양정","덕소","도심","팔당","운길산","양수","신원","국수","아신","오빈","양평","원덕","용문","지평"
      ]
    },
    {
      "line": "수인·분당선",
      "direction": "인천 → 왕십리",
      "stations": [
        "인천","신포","숭의","인하대","송도","연수","원인재","남동인더스파크","호구포","인천논현","소래포구","월곶","달월","오이도","정왕","중앙","고잔","초지","안산","신길온천","상록수","반월","대야미","금정","군포","당정","의왕","성균관대","화서","수원","매교","수원시청","매탄권선","망포","영통","청명","상갈","기흥","신갈","구성","보정","죽전","오리","미금","정자","수내","서현","이매","야탑","태평","가천대","복정","모란","수서","대모산입구","개포동","구룡","매봉","도곡","한티","선정릉","강남구청","압구정로데오","서울숲","왕십리"
      ]
    },
    {
      "line": "신분당선",
      "stations": [
        "강남","양재","양재시민의숲","청계산입구","판교","정자","미금","동천","수지구청","성복","상현","광교중앙","광교"
      ]
    },
    {
      "line": "경춘선",
      "stations": [
        "청량리","회기","중랑","상봉","망우","신내","갈매","별내","퇴계원","사릉","금곡","평내호평","천마산","마석","대성리","청평","상천","가평","굴봉산","백양리","강촌","김유정","남춘천","춘천"
      ]
    },
    {
      "line": "서해선",
      "direction": "소사 → 원시",
      "stations": [
        "소사","소새울","시흥대야","신천","신현","시흥시청","한양대(ERICA)","장기","목감","원시"
      ]
    },
    {
      "line": "우이신설선",
      "stations": [
        "북한산우이","솔밭공원","4·19민주묘지","가오리","화계","삼양","삼양사거리","솔샘","북서울꿈의숲","정릉","성신여대입구","보문","신설동"
      ]
    },
    {
      "line": "에버라인",
      "stations": [
        "기흥","강남대","지석","어정","동백","초당","삼가","시청·용인대","명지대","김량장","운동장·송담대","고진","보평","둔전","전대·에버랜드"
      ]
    },
    {
      "line": "GTX-A",
      "stations": [
        "운정","킨텍스","대곡","연신내","서울역","삼성","수서","동탄"
      ]
    },
    {
      "line": "GTX-B",
      "stations": [
        "마석","평내호평","별내","청량리","서울역","용산","여의도","신도림","부평","송도"
      ]
    },
    {
      "line": "GTX-C",
      "stations": [
        "덕정","의정부","청량리","왕십리","삼성","양재","과천","금정","수원"
      ]
    }
  ]
}
